Product,Total
9 To 5 Modern Cheongsam,3528
Marie Anoinette Modern Cheongsam,1176
Black Tang Zhuang,1000
Golden_Necklace,3000
Pencilled Cheongsam,168
Candy Stripe Cheongsam,168
Red Sorghum Cheongsam,100
Bingbing Batik Cheongsam,20
Shan Batik Cheongsam,208
Carrie Batik Cheongsam,208
Mingzhu Batik Cheongsam,208
Maddy Batik Cheongsam,368
QBlack Tang Zhuang,98
QRed Tang Zhuang,98
QBeige Tang Zhuang,98
QGrey Tang Zhuang,98
QDark-Grey Tang Zhuang,98
Gold Evil Eye Mother Of Pearl Bracelet,178
Gold Nomad Bracelet,89
Gold Safi Bracelet,109
GOLD BASIC CUBIC NECKLACE,49
Gold Mother Of Pearl Spinner Necklace,89
GOLD COLETTE GEMSTONE NECKLACE,159
GOLD MYSTIC MOTHER OF PEARL NECKLACE,89
GOLD TRAVELLER AMAZONITE NECKLACE,169
